Nom,Position,Nationalité,Âge,Club,Valeur marchande,Chemin image
Erling Haaland,Erling Haaland,Norway,24,Manchester City,€200.00m,joueurs_images\Erling_Haaland.jpg
Vinicius Junior,Vinicius Junior,"Brazil, Spain",24,Real Madrid,€200.00m,joueurs_images\Vinicius_Junior.jpg
Lamine Yamal,Lamine Yamal,"Spain, Equatorial Guinea",17,FC Barcelona,€180.00m,joueurs_images\Lamine_Yamal.jpg
Jude Bellingham,Jude Bellingham,"England, Ireland",21,Real Madrid,€180.00m,joueurs_images\Jude_Bellingham.jpg
Kylian Mbappé,Kylian Mbappé,"France, Cameroon",26,Real Madrid,€160.00m,joueurs_images\Kylian_Mbappé.jpg
Bukayo Saka,Bukayo Saka,"England, Nigeria",23,Arsenal FC,€150.00m,joueurs_images\Bukayo_Saka.jpg
Florian Wirtz,Florian Wirtz,Germany,21,Bayer 04 Leverkusen,€140.00m,joueurs_images\Florian_Wirtz.jpg
Jamal Musiala,Jamal Musiala,"Germany, England",21,Bayern Munich,€140.00m,joueurs_images\Jamal_Musiala.jpg
Phil Foden,Phil Foden,England,24,Manchester City,€140.00m,joueurs_images\Phil_Foden.jpg
Cole Palmer,Cole Palmer,England,22,Chelsea FC,€130.00m,joueurs_images\Cole_Palmer.jpg
Federico Valverde,Federico Valverde,"Uruguay, Spain",26,Real Madrid,€130.00m,joueurs_images\Federico_Valverde.jpg
Rodri,Rodri,Spain,28,Manchester City,€130.00m,joueurs_images\Rodri.jpg
Declan Rice,Declan Rice,"England, Ireland",26,Arsenal FC,€110.00m,joueurs_images\Declan_Rice.jpg
Martin Ødegaard,Martin Ødegaard,Norway,26,Arsenal FC,€110.00m,joueurs_images\Martin_Ødegaard.jpg
Pedri,Pedri,Spain,22,FC Barcelona,€100.00m,joueurs_images\Pedri.jpg
Rodrygo,Rodrygo,"Brazil, Spain",24,Real Madrid,€100.00m,joueurs_images\Rodrygo.jpg
Lautaro Martínez,Lautaro Martínez,Argentina,27,Inter Milan,€100.00m,joueurs_images\Lautaro_Martínez.jpg
Harry Kane,Harry Kane,England,31,Bayern Munich,€90.00m,joueurs_images\Harry_Kane.jpg
Khvicha Kvaratskhelia,Khvicha Kvaratskhelia,Georgia,24,Paris Saint-Germain,€85.00m,joueurs_images\Khvicha_Kvaratskhelia.jpg
Luis Díaz,Luis Díaz,Colombia,28,Liverpool FC,€85.00m,joueurs_images\Luis_Díaz.jpg
Moisés Caicedo,Moisés Caicedo,Ecuador,23,Chelsea FC,€80.00m,joueurs_images\Moisés_Caicedo.jpg
Gavi,Gavi,Spain,20,FC Barcelona,€80.00m,joueurs_images\Gavi.jpg
Eduardo Camavinga,Eduardo Camavinga,"France, Congo",22,Real Madrid,€80.00m,joueurs_images\Eduardo_Camavinga.jpg
Julián Alvarez,Julián Alvarez,"Argentina, Italy",25,Atlético de Madrid,€80.00m,joueurs_images\Julián_Alvarez.jpg
Xavi Simons,Xavi Simons,"Netherlands, Suriname",21,RB Leipzig,€80.00m,joueurs_images\Xavi_Simons.jpg
Mikel Oyarzabal,Mikel Oyarzabal,Spain,27,Real Sociedad,€35.00m,joueurs_images\Mikel_Oyarzabal.jpg
Fabián Ruiz,Fabián Ruiz,Spain,28,Paris Saint-Germain,€35.00m,joueurs_images\Fabián_Ruiz.jpg
Gianluigi Donnarumma,Gianluigi Donnarumma,Italy,25,Paris Saint-Germain,€35.00m,joueurs_images\Gianluigi_Donnarumma.jpg
Brahim Díaz,Brahim Díaz,"Morocco, Spain",25,Real Madrid,€35.00m,joueurs_images\Brahim_Díaz.jpg
Brais Méndez,Brais Méndez,Spain,28,Real Sociedad,€35.00m,joueurs_images\Brais_Méndez.jpg
Guglielmo Vicario,Guglielmo Vicario,Italy,28,Tottenham Hotspur,€35.00m,joueurs_images\Guglielmo_Vicario.jpg
Kingsley Coman,Kingsley Coman,"France, Guadeloupe",28,Bayern Munich,€35.00m,joueurs_images\Kingsley_Coman.jpg
André Onana,André Onana,Cameroon,28,Manchester United,€35.00m,joueurs_images\André_Onana.jpg
Julian Brandt,Julian Brandt,Germany,28,Borussia Dortmund,€35.00m,joueurs_images\Julian_Brandt.jpg
Mike Maignan,Mike Maignan,"France, French Guiana",29,AC Milan,€35.00m,joueurs_images\Mike_Maignan.jpg
Nathan Aké,Nathan Aké,"Netherlands, Cote d'Ivoire",30,Manchester City,€35.00m,joueurs_images\Nathan_Aké.jpg
Serge Gnabry,Serge Gnabry,"Germany, Cote d'Ivoire",29,Bayern Munich,€35.00m,joueurs_images\Serge_Gnabry.jpg
Kevin De Bruyne,Kevin De Bruyne,Belgium,33,Manchester City,€35.00m,joueurs_images\Kevin_De_Bruyne.jpg
Adam Wharton,Adam Wharton,England,21,Crystal Palace,€32.00m,joueurs_images\Adam_Wharton.jpg
Georgiy Sudakov,Georgiy Sudakov,Ukraine,22,Shakhtar Donetsk,€32.00m,joueurs_images\Georgiy_Sudakov.jpg
Jean-Clair Todibo,Jean-Clair Todibo,"France, French Guiana",25,West Ham United,€32.00m,joueurs_images\Jean-Clair_Todibo.jpg
Jan Paul van Hecke,Jan Paul van Hecke,Netherlands,24,Brighton & Hove Albion,€32.00m,joueurs_images\Jan_Paul_van_Hecke.jpg
Georginio Rutter,Georginio Rutter,"France, Martinique",22,Brighton & Hove Albion,€32.00m,joueurs_images\Georginio_Rutter.jpg
Jacob Ramsey,Jacob Ramsey,England,23,Aston Villa,€32.00m,joueurs_images\Jacob_Ramsey.jpg
Ian Maatsen,Ian Maatsen,"Netherlands, Suriname",22,Aston Villa,€32.00m,joueurs_images\Ian_Maatsen.jpg
Mattéo Guendouzi,Mattéo Guendouzi,"France, Morocco",25,SS Lazio,€32.00m,joueurs_images\Mattéo_Guendouzi.jpg
Angelo Stiller,Angelo Stiller,Germany,23,VfB Stuttgart,€32.00m,joueurs_images\Angelo_Stiller.jpg
Pedro Gonçalves,Pedro Gonçalves,Portugal,26,Sporting CP,€32.00m,joueurs_images\Pedro_Gonçalves.jpg
Quinten Timber,Quinten Timber,"Netherlands, Curacao",23,Feyenoord Rotterdam,€32.00m,joueurs_images\Quinten_Timber.jpg
Lutsharel Geertruida,Lutsharel Geertruida,"Netherlands, Curacao",24,RB Leipzig,€32.00m,joueurs_images\Lutsharel_Geertruida.jpg
Joey Veerman,Joey Veerman,Netherlands,26,PSV Eindhoven,€32.00m,joueurs_images\Joey_Veerman.jpg
Davide Frattesi,Davide Frattesi,Italy,25,Inter Milan,€32.00m,joueurs_images\Davide_Frattesi.jpg
Emile Smith Rowe,Emile Smith Rowe,England,24,Fulham FC,€32.00m,joueurs_images\Emile_Smith_Rowe.jpg
Jerdy Schouten,Jerdy Schouten,Netherlands,28,PSV Eindhoven,€32.00m,joueurs_images\Jerdy_Schouten.jpg
Mason Mount,Mason Mount,England,26,Manchester United,€32.00m,joueurs_images\Mason_Mount.jpg
Noussair Mazraoui,Noussair Mazraoui,"Morocco, Netherlands",27,Manchester United,€32.00m,joueurs_images\Noussair_Mazraoui.jpg
Takehiro Tomiyasu,Takehiro Tomiyasu,Japan,26,Arsenal FC,€32.00m,joueurs_images\Takehiro_Tomiyasu.jpg
Lucas Hernández,Lucas Hernández,"France, Spain",29,Paris Saint-Germain,€32.00m,joueurs_images\Lucas_Hernández.jpg
Joachim Andersen,Joachim Andersen,Denmark,28,Fulham FC,€32.00m,joueurs_images\Joachim_Andersen.jpg
John Stones,John Stones,England,30,Manchester City,€32.00m,joueurs_images\John_Stones.jpg
Geovany Quenda,Geovany Quenda,"Portugal, Guinea-Bissau",17,Sporting CP,€30.00m,joueurs_images\Geovany_Quenda.jpg
Jorrel Hato,Jorrel Hato,"Netherlands, Curacao",18,Ajax Amsterdam,€30.00m,joueurs_images\Jorrel_Hato.jpg
Ethan Nwaneri,Ethan Nwaneri,"England, Nigeria",17,Arsenal FC,€30.00m,joueurs_images\Ethan_Nwaneri.jpg
Lucas Beraldo,Lucas Beraldo,Brazil,21,Paris Saint-Germain,€30.00m,joueurs_images\Lucas_Beraldo.jpg
Eliesse Ben Seghir,Eliesse Ben Seghir,"Morocco, France",20,AS Monaco,€30.00m,joueurs_images\Eliesse_Ben_Seghir.jpg
Mathys Tel,Mathys Tel,"France, Guadeloupe",19,Tottenham Hotspur,€30.00m,joueurs_images\Mathys_Tel.jpg
Simon Adingra,Simon Adingra,Cote d'Ivoire,23,Brighton & Hove Albion,€30.00m,joueurs_images\Simon_Adingra.jpg
Bilal El Khannouss,Bilal El Khannouss,"Morocco, Belgium",20,Leicester City,€30.00m,joueurs_images\Bilal_El_Khannouss.jpg
Cristhian Mosquera,Cristhian Mosquera,"Spain, Colombia",20,Valencia CF,€30.00m,joueurs_images\Cristhian_Mosquera.jpg
Odilon Kossounou,Odilon Kossounou,Cote d'Ivoire,24,Atalanta BC,€30.00m,joueurs_images\Odilon_Kossounou.jpg
Marc Casadó,Marc Casadó,Spain,21,FC Barcelona,€30.00m,joueurs_images\Marc_Casadó.jpg
Rayan Cherki,Rayan Cherki,"France, Algeria",21,Olympique Lyon,€30.00m,joueurs_images\Rayan_Cherki.jpg
Maximilian Beier,Maximilian Beier,Germany,22,Borussia Dortmund,€30.00m,joueurs_images\Maximilian_Beier.jpg
Youssouf Fofana,Youssouf Fofana,"France, Mali",26,AC Milan,€30.00m,joueurs_images\Youssouf_Fofana.jpg
Yéremy Pino,Yéremy Pino,Spain,22,Villarreal CF,€30.00m,joueurs_images\Yéremy_Pino.jpg
Kang-in Lee,Kang-in Lee,"Korea, South",24,Paris Saint-Germain,€30.00m,joueurs_images\Kang-in_Lee.jpg
Mykhaylo Mudryk,Mykhaylo Mudryk,Ukraine,24,Chelsea FC,€30.00m,joueurs_images\Mykhaylo_Mudryk.jpg
Isak Hien,Isak Hien,"Sweden, Burkina Faso",26,Atalanta BC,€30.00m,joueurs_images\Isak_Hien.jpg
Randal Kolo Muani,Randal Kolo Muani,"France, DR Congo",26,Juventus FC,€30.00m,joueurs_images\Randal_Kolo_Muani.jpg
Wesley Fofana,Wesley Fofana,"France, Cote d'Ivoire",24,Chelsea FC,€30.00m,joueurs_images\Wesley_Fofana.jpg
Brian Brobbey,Brian Brobbey,"Netherlands, Ghana",23,Ajax Amsterdam,€30.00m,joueurs_images\Brian_Brobbey.jpg
Reece James,Reece James,England,25,Chelsea FC,€30.00m,joueurs_images\Reece_James.jpg
Malik Tillman,Malik Tillman,"United States, Germany",22,PSV Eindhoven,€30.00m,joueurs_images\Malik_Tillman.jpg
Lucas Chevalier,Lucas Chevalier,France,23,LOSC Lille,€30.00m,joueurs_images\Lucas_Chevalier.jpg
João Félix,João Félix,Portugal,25,AC Milan,€30.00m,joueurs_images\João_Félix.jpg
Yann Bisseck,Yann Bisseck,"Germany, Cameroon",24,Inter Milan,€30.00m,joueurs_images\Yann_Bisseck.jpg
Mats Wieffer,Mats Wieffer,Netherlands,25,Brighton & Hove Albion,€30.00m,joueurs_images\Mats_Wieffer.jpg
Edson Álvarez,Edson Álvarez,Mexico,27,West Ham United,€30.00m,joueurs_images\Edson_Álvarez.jpg
Jadon Sancho,Jadon Sancho,"England, Jamaica",24,Chelsea FC,€30.00m,joueurs_images\Jadon_Sancho.jpg
Axel Disasi,Axel Disasi,"France, DR Congo",26,Aston Villa,€30.00m,joueurs_images\Axel_Disasi.jpg
Richarlison,Richarlison,Brazil,27,Tottenham Hotspur,€30.00m,joueurs_images\Richarlison.jpg
Ferdi Kadıoğlu,Ferdi Kadıoğlu,"Türkiye, Netherlands",25,Brighton & Hove Albion,€30.00m,joueurs_images\Ferdi_Kadıoğlu.jpg
Moise Kean,Moise Kean,"Italy, Cote d'Ivoire",24,ACF Fiorentina,€30.00m,joueurs_images\Moise_Kean.jpg
Hiroki Ito,Hiroki Ito,Japan,25,Bayern Munich,€30.00m,joueurs_images\Hiroki_Ito.jpg
Pervis Estupiñán,Pervis Estupiñán,"Ecuador, Spain",27,Brighton & Hove Albion,€30.00m,joueurs_images\Pervis_Estupiñán.jpg
Artem Dovbyk,Artem Dovbyk,Ukraine,27,AS Roma,€30.00m,joueurs_images\Artem_Dovbyk.jpg
Denis Zakaria,Denis Zakaria,"Switzerland, DR Congo",28,AS Monaco,€30.00m,joueurs_images\Denis_Zakaria.jpg
Gianluca Scamacca,Gianluca Scamacca,Italy,26,Atalanta BC,€30.00m,joueurs_images\Gianluca_Scamacca.jpg
Marc Cucurella,Marc Cucurella,Spain,26,Chelsea FC,€30.00m,joueurs_images\Marc_Cucurella.jpg
Aleksandr Golovin,Aleksandr Golovin,Russia,28,AS Monaco,€30.00m,joueurs_images\Aleksandr_Golovin.jpg
Youri Tielemans,Youri Tielemans,"Belgium, DR Congo",27,Aston Villa,€30.00m,joueurs_images\Youri_Tielemans.jpg
Ederson,Ederson,"Brazil, Portugal",31,Manchester City,€30.00m,joueurs_images\Ederson.jpg
Oleksandr Zinchenko,Oleksandr Zinchenko,Ukraine,28,Arsenal FC,€30.00m,joueurs_images\Oleksandr_Zinchenko.jpg
Jonathan Tah,Jonathan Tah,"Germany, Cote d'Ivoire",29,Bayer 04 Leverkusen,€30.00m,joueurs_images\Jonathan_Tah.jpg
Leandro Trossard,Leandro Trossard,Belgium,30,Arsenal FC,€30.00m,joueurs_images\Leandro_Trossard.jpg
Yankuba Minteh,Yankuba Minteh,The Gambia,20,Brighton & Hove Albion,€28.00m,joueurs_images\Yankuba_Minteh.jpg
Antonio Nusa,Antonio Nusa,"Norway, Nigeria",19,RB Leipzig,€28.00m,joueurs_images\Antonio_Nusa.jpg
Danilo,Danilo,Brazil,23,Nottingham Forest,€28.00m,joueurs_images\Danilo.jpg
Milos Kerkez,Milos Kerkez,"Hungary, Serbia",21,AFC Bournemouth,€28.00m,joueurs_images\Milos_Kerkez.jpg
Mohamed Simakan,Mohamed Simakan,"France, Guinea",24,Al-Nassr FC,€28.00m,joueurs_images\Mohamed_Simakan.jpg
Mario Gila,Mario Gila,Spain,24,SS Lazio,€28.00m,joueurs_images\Mario_Gila.jpg
Antoine Semenyo,Antoine Semenyo,"Ghana, England",25,AFC Bournemouth,€28.00m,joueurs_images\Antoine_Semenyo.jpg
Tomás Araújo,Tomás Araújo,Portugal,22,SL Benfica,€28.00m,joueurs_images\Tomás_Araújo.jpg
Josip Stanisic,Josip Stanisic,"Croatia, Germany",24,Bayern Munich,€28.00m,joueurs_images\Josip_Stanisic.jpg
Kiernan Dewsbury-Hall,Kiernan Dewsbury-Hall,England,26,Chelsea FC,€28.00m,joueurs_images\Kiernan_Dewsbury-Hall.jpg
David Neres,David Neres,Brazil,27,SSC Napoli,€28.00m,joueurs_images\David_Neres.jpg
Nathan Collins,Nathan Collins,Ireland,23,Brentford FC,€28.00m,joueurs_images\Nathan_Collins.jpg
Samuele Ricci,Samuele Ricci,Italy,23,Torino FC,€28.00m,joueurs_images\Samuele_Ricci.jpg
Benoît Badiashile,Benoît Badiashile,"France, DR Congo",23,Chelsea FC,€28.00m,joueurs_images\Benoît_Badiashile.jpg
Orkun Kökçü,Orkun Kökçü,"Türkiye, Netherlands",24,SL Benfica,€28.00m,joueurs_images\Orkun_Kökçü.jpg
Jakub Kiwior,Jakub Kiwior,Poland,25,Arsenal FC,€28.00m,joueurs_images\Jakub_Kiwior.jpg
Matty Cash,Matty Cash,"Poland, England",27,Aston Villa,€28.00m,joueurs_images\Matty_Cash.jpg
Felix Nmecha,Felix Nmecha,"Germany, England",24,Borussia Dortmund,€28.00m,joueurs_images\Felix_Nmecha.jpg
Vitaliy Mykolenko,Vitaliy Mykolenko,Ukraine,25,Everton FC,€28.00m,joueurs_images\Vitaliy_Mykolenko.jpg
Ferran Torres,Ferran Torres,Spain,24,FC Barcelona,€28.00m,joueurs_images\Ferran_Torres.jpg
Yoane Wissa,Yoane Wissa,"DR Congo, France",28,Brentford FC,€28.00m,joueurs_images\Yoane_Wissa.jpg
Ibrahim Sangaré,Ibrahim Sangaré,Cote d'Ivoire,27,Nottingham Forest,€28.00m,joueurs_images\Ibrahim_Sangaré.jpg
Antonee Robinson,Antonee Robinson,"United States, England",27,Fulham FC,€28.00m,joueurs_images\Antonee_Robinson.jpg
Joe Willock,Joe Willock,"England, Montserrat",25,Newcastle United,€28.00m,joueurs_images\Joe_Willock.jpg
Deniz Undav,Deniz Undav,"Germany, Türkiye",28,VfB Stuttgart,€28.00m,joueurs_images\Deniz_Undav.jpg
Ermedin Demirovic,Ermedin Demirovic,Bosnia-Herzegovina,26,VfB Stuttgart,€28.00m,joueurs_images\Ermedin_Demirovic.jpg
Donyell Malen,Donyell Malen,"Netherlands, Suriname",26,Aston Villa,€28.00m,joueurs_images\Donyell_Malen.jpg
Albert Gudmundsson,Albert Gudmundsson,Iceland,27,ACF Fiorentina,€28.00m,joueurs_images\Albert_Gudmundsson.jpg
Marcos Llorente,Marcos Llorente,Spain,30,Atlético de Madrid,€28.00m,joueurs_images\Marcos_Llorente.jpg
Manuel Locatelli,Manuel Locatelli,Italy,27,Juventus FC,€28.00m,joueurs_images\Manuel_Locatelli.jpg
Unai Simón,Unai Simón,Spain,27,Athletic Bilbao,€28.00m,joueurs_images\Unai_Simón.jpg
Joe Gomez,Joe Gomez,"England, The Gambia",27,Liverpool FC,€28.00m,joueurs_images\Joe_Gomez.jpg
Ivan Toney,Ivan Toney,"England, Jamaica",28,Al-Ahli SFC,€28.00m,joueurs_images\Ivan_Toney.jpg
Rúben Neves,Rúben Neves,Portugal,27,Al-Hilal SFC,€28.00m,joueurs_images\Rúben_Neves.jpg
Xaver Schlager,Xaver Schlager,Austria,27,RB Leipzig,€28.00m,joueurs_images\Xaver_Schlager.jpg
Stanislav Lobotka,Stanislav Lobotka,Slovakia,30,SSC Napoli,€28.00m,joueurs_images\Stanislav_Lobotka.jpg
Virgil van Dijk,Virgil van Dijk,"Netherlands, Suriname",33,Liverpool FC,€28.00m,joueurs_images\Virgil_van_Dijk.jpg
Mateo Kovacic,Mateo Kovacic,Croatia,30,Manchester City,€28.00m,joueurs_images\Mateo_Kovacic.jpg
Thiago Almada,Thiago Almada,Argentina,23,Olympique Lyon,€27.00m,joueurs_images\Thiago_Almada.jpg
Pepê,Pepê,"Brazil, Italy",27,FC Porto,€27.00m,joueurs_images\Pepê.jpg
Galeno,Galeno,"Brazil, Portugal",27,Al-Ahli SFC,€27.00m,joueurs_images\Galeno.jpg
Jørgen Strand Larsen,Jørgen Strand Larsen,Norway,25,Wolverhampton Wanderers,€27.00m,joueurs_images\Jørgen_Strand_Larsen.jpg
Trincão,Trincão,Portugal,25,Sporting CP,€27.00m,joueurs_images\Trincão.jpg
Frank Anguissa,Frank Anguissa,Cameroon,29,SSC Napoli,€27.00m,joueurs_images\Frank_Anguissa.jpg
Olivier Boscagli,Olivier Boscagli,"France, Monaco",27,PSV Eindhoven,€27.00m,joueurs_images\Olivier_Boscagli.jpg
Manu Koné,Manu Koné,"France, Cote d'Ivoire",23,AS Roma,€26.00m,joueurs_images\Manu_Koné.jpg
Pierre Kalulu,Pierre Kalulu,"France, DR Congo",24,Juventus FC,€26.00m,joueurs_images\Pierre_Kalulu.jpg
Ayyoub Bouaddi,Ayyoub Bouaddi,"France, Morocco",17,LOSC Lille,€25.00m,joueurs_images\Ayyoub_Bouaddi.jpg
Arthur Vermeeren,Arthur Vermeeren,Belgium,20,RB Leipzig,€25.00m,joueurs_images\Arthur_Vermeeren.jpg
Archie Gray,Archie Gray,"England, Scotland",18,Tottenham Hotspur,€25.00m,joueurs_images\Archie_Gray.jpg
Santiago Castro,Santiago Castro,Argentina,20,Bologna FC 1909,€25.00m,joueurs_images\Santiago_Castro.jpg
André,André,Brazil,23,Wolverhampton Wanderers,€25.00m,joueurs_images\André.jpg
Andrey Santos,Andrey Santos,Brazil,20,RC Strasbourg Alsace,€25.00m,joueurs_images\Andrey_Santos.jpg
Malick Fofana,Malick Fofana,"Belgium, Guinea",19,Olympique Lyon,€25.00m,joueurs_images\Malick_Fofana.jpg
Igor Thiago,Igor Thiago,"Brazil, Bulgaria",23,Brentford FC,€25.00m,joueurs_images\Igor_Thiago.jpg
Alberto Moleiro,Alberto Moleiro,"Spain, Cuba",21,UD Las Palmas,€25.00m,joueurs_images\Alberto_Moleiro.jpg
Tyrick Mitchell,Tyrick Mitchell,"England, Jamaica",25,Crystal Palace,€25.00m,joueurs_images\Tyrick_Mitchell.jpg
Loïc Badé,Loïc Badé,"France, Cote d'Ivoire",24,Sevilla FC,€25.00m,joueurs_images\Loïc_Badé.jpg
Lesley Ugochukwu,Lesley Ugochukwu,"France, Nigeria",20,Southampton FC,€25.00m,joueurs_images\Lesley_Ugochukwu.jpg
Brajan Gruda,Brajan Gruda,"Germany, Albania",20,Brighton & Hove Albion,€25.00m,joueurs_images\Brajan_Gruda.jpg
Samuel Lino,Samuel Lino,Brazil,25,Atlético de Madrid,€25.00m,joueurs_images\Samuel_Lino.jpg
Lewis Hall,Lewis Hall,England,20,Newcastle United,€25.00m,joueurs_images\Lewis_Hall.jpg
Oscar Bobb,Oscar Bobb,"Norway, The Gambia",21,Manchester City,€25.00m,joueurs_images\Oscar_Bobb.jpg
Elye Wahi,Elye Wahi,"France, Cote d'Ivoire",22,Eintracht Frankfurt,€25.00m,joueurs_images\Elye_Wahi.jpg
Wilfried Singo,Wilfried Singo,Cote d'Ivoire,24,AS Monaco,€25.00m,joueurs_images\Wilfried_Singo.jpg
Yan Couto,Yan Couto,"Brazil, Portugal",22,Borussia Dortmund,€25.00m,joueurs_images\Yan_Couto.jpg
Liam Delap,Liam Delap,"England, Ireland",22,Ipswich Town,€25.00m,joueurs_images\Liam_Delap.jpg
Leif Davis,Leif Davis,England,25,Ipswich Town,€25.00m,joueurs_images\Leif_Davis.jpg
Dwight McNeil,Dwight McNeil,"England, Jamaica",25,Everton FC,€25.00m,joueurs_images\Dwight_McNeil.jpg
Anthony Elanga,Anthony Elanga,"Sweden, Cameroon",22,Nottingham Forest,€25.00m,joueurs_images\Anthony_Elanga.jpg
Radu Drăgușin,Radu Drăgușin,Romania,23,Tottenham Hotspur,€25.00m,joueurs_images\Radu_Drăgușin.jpg
Bart Verbruggen,Bart Verbruggen,Netherlands,22,Brighton & Hove Albion,€25.00m,joueurs_images\Bart_Verbruggen.jpg
Anatoliy Trubin,Anatoliy Trubin,Ukraine,23,SL Benfica,€25.00m,joueurs_images\Anatoliy_Trubin.jpg
Amad Diallo,Amad Diallo,"Cote d'Ivoire, Italy",22,Manchester United,€25.00m,joueurs_images\Amad_Diallo.jpg
Nuno Tavares,Nuno Tavares,"Portugal, Cape Verde",25,SS Lazio,€25.00m,joueurs_images\Nuno_Tavares.jpg
Nicolò Rovella,Nicolò Rovella,Italy,23,SS Lazio,€25.00m,joueurs_images\Nicolò_Rovella.jpg
Miguel Gutiérrez,Miguel Gutiérrez,Spain,23,Girona FC,€25.00m,joueurs_images\Miguel_Gutiérrez.jpg
Federico Gatti,Federico Gatti,Italy,26,Juventus FC,€25.00m,joueurs_images\Federico_Gatti.jpg
Taylor Harwood-Bellis,Taylor Harwood-Bellis,England,23,Southampton FC,€25.00m,joueurs_images\Taylor_Harwood-Bellis.jpg
Folarin Balogun,Folarin Balogun,"United States, England",23,AS Monaco,€25.00m,joueurs_images\Folarin_Balogun.jpg
Edon Zhegrova,Edon Zhegrova,"Kosovo, Germany",25,LOSC Lille,€25.00m,joueurs_images\Edon_Zhegrova.jpg
Daniel Muñoz,Daniel Muñoz,Colombia,28,Crystal Palace,€25.00m,joueurs_images\Daniel_Muñoz.jpg
Facundo Medina,Facundo Medina,Argentina,25,RC Lens,€25.00m,joueurs_images\Facundo_Medina.jpg
Bafodé Diakité,Bafodé Diakité,"France, Guinea",24,LOSC Lille,€25.00m,joueurs_images\Bafodé_Diakité.jpg
Nahuel Molina,Nahuel Molina,Argentina,26,Atlético de Madrid,€25.00m,joueurs_images\Nahuel_Molina.jpg
Nikola Milenković,Nikola Milenković,Serbia,27,Nottingham Forest,€25.00m,joueurs_images\Nikola_Milenković.jpg
Angel Gomes,Angel Gomes,"England, Portugal",24,LOSC Lille,€25.00m,joueurs_images\Angel_Gomes.jpg
Kerem Aktürkoğlu,Kerem Aktürkoğlu,Türkiye,26,SL Benfica,€25.00m,joueurs_images\Kerem_Aktürkoğlu.jpg
Evan Ndicka,Evan Ndicka,"Cote d'Ivoire, France",25,AS Roma,€25.00m,joueurs_images\Evan_Ndicka.jpg
Dan Ndoye,Dan Ndoye,"Switzerland, Senegal",24,Bologna FC 1909,€25.00m,joueurs_images\Dan_Ndoye.jpg
Sean Longstaff,Sean Longstaff,England,27,Newcastle United,€25.00m,joueurs_images\Sean_Longstaff.jpg
Eddie Nketiah,Eddie Nketiah,"England, Ghana",25,Crystal Palace,€25.00m,joueurs_images\Eddie_Nketiah.jpg
Jonathan Burkardt,Jonathan Burkardt,Germany,24,1.FSV Mainz 05,€25.00m,joueurs_images\Jonathan_Burkardt.jpg
Malcom,Malcom,"Brazil, Russia",27,Al-Hilal SFC,€25.00m,joueurs_images\Malcom.jpg
Mathias Jensen,Mathias Jensen,Denmark,29,Brentford FC,€25.00m,joueurs_images\Mathias_Jensen.jpg
David Raum,David Raum,Germany,26,RB Leipzig,€25.00m,joueurs_images\David_Raum.jpg
Kevin Danso,Kevin Danso,Austria,26,Tottenham Hotspur,€25.00m,joueurs_images\Kevin_Danso.jpg
Rodrigo De Paul,Rodrigo De Paul,"Argentina, Italy",30,Atlético de Madrid,€25.00m,joueurs_images\Rodrigo_De_Paul.jpg
Alex Iwobi,Alex Iwobi,"Nigeria, England",28,Fulham FC,€25.00m,joueurs_images\Alex_Iwobi.jpg
Alexander Sørloth,Alexander Sørloth,Norway,29,Atlético de Madrid,€25.00m,joueurs_images\Alexander_Sørloth.jpg
Andrew Robertson,Andrew Robertson,Scotland,30,Liverpool FC,€25.00m,joueurs_images\Andrew_Robertson.jpg
Konrad Laimer,Konrad Laimer,Austria,27,Bayern Munich,€25.00m,joueurs_images\Konrad_Laimer.jpg
Álex Remiro,Álex Remiro,Spain,29,Real Sociedad,€25.00m,joueurs_images\Álex_Remiro.jpg
Adrien Rabiot,Adrien Rabiot,France,29,Olympique Marseille,€25.00m,joueurs_images\Adrien_Rabiot.jpg
Jan Oblak,Jan Oblak,Slovenia,32,Atlético de Madrid,€25.00m,joueurs_images\Jan_Oblak.jpg
Emiliano Martínez,Emiliano Martínez,"Argentina, Spain",32,Aston Villa,€25.00m,joueurs_images\Emiliano_Martínez.jpg
Thibaut Courtois,Thibaut Courtois,Belgium,32,Real Madrid,€25.00m,joueurs_images\Thibaut_Courtois.jpg
Alisson,Alisson,Brazil,32,Liverpool FC,€25.00m,joueurs_images\Alisson.jpg
Romelu Lukaku,Romelu Lukaku,"Belgium, DR Congo",31,SSC Napoli,€25.00m,joueurs_images\Romelu_Lukaku.jpg
Aleksandar Mitrović,Aleksandar Mitrović,Serbia,30,Al-Hilal SFC,€25.00m,joueurs_images\Aleksandar_Mitrović.jpg
Jack Hinshelwood,Jack Hinshelwood,England,19,Brighton & Hove Albion,€24.00m,joueurs_images\Jack_Hinshelwood.jpg
Elliot Anderson,Elliot Anderson,"England, Scotland",22,Nottingham Forest,€24.00m,joueurs_images\Elliot_Anderson.jpg
Zeno Debast,Zeno Debast,Belgium,21,Sporting CP,€24.00m,joueurs_images\Zeno_Debast.jpg
Marcos Senesi,Marcos Senesi,"Argentina, Italy",27,AFC Bournemouth,€24.00m,joueurs_images\Marcos_Senesi.jpg
Callum Hudson-Odoi,Callum Hudson-Odoi,"England, Ghana",24,Nottingham Forest,€24.00m,joueurs_images\Callum_Hudson-Odoi.jpg
Weston McKennie,Weston McKennie,United States,26,Juventus FC,€24.00m,joueurs_images\Weston_McKennie.jpg
Tomas Soucek,Tomas Soucek,Czech Republic,29,West Ham United,€24.00m,joueurs_images\Tomas_Soucek.jpg
Waldemar Anton,Waldemar Anton,Germany,28,Borussia Dortmund,€24.00m,joueurs_images\Waldemar_Anton.jpg
Antonio Rüdiger,Antonio Rüdiger,"Germany, Sierra Leone",31,Real Madrid,€24.00m,joueurs_images\Antonio_Rüdiger.jpg
Ismael Saibari,Ismael Saibari,"Morocco, Belgium",24,PSV Eindhoven,€23.00m,joueurs_images\Ismael_Saibari.jpg
Gabri Veiga,Gabri Veiga,Spain,22,Al-Ahli SFC,€23.00m,joueurs_images\Gabri_Veiga.jpg
Gabriel Sara,Gabriel Sara,Brazil,25,Galatasaray,€23.00m,joueurs_images\Gabriel_Sara.jpg
Quilindschy Hartman,Quilindschy Hartman,"Netherlands, Curacao",23,Feyenoord Rotterdam,€23.00m,joueurs_images\Quilindschy_Hartman.jpg
Pedro,Pedro,Brazil,27,CR Flamengo,€23.00m,joueurs_images\Pedro.jpg
Vangelis Pavlidis,Vangelis Pavlidis,Greece,26,SL Benfica,€23.00m,joueurs_images\Vangelis_Pavlidis.jpg
John McGinn,John McGinn,Scotland,30,Aston Villa,€23.00m,joueurs_images\John_McGinn.jpg
Luis Guilherme,Luis Guilherme,Brazil,19,West Ham United,€22.00m,joueurs_images\Luis_Guilherme.jpg
Facundo Buonanotte,Facundo Buonanotte,"Argentina, Italy",20,Leicester City,€22.00m,joueurs_images\Facundo_Buonanotte.jpg
Oscar Gloukh,Oscar Gloukh,Israel,20,Red Bull Salzburg,€22.00m,joueurs_images\Oscar_Gloukh.jpg
Lewis Miley,Lewis Miley,England,18,Newcastle United,€22.00m,joueurs_images\Lewis_Miley.jpg
Tyler Dibling,Tyler Dibling,England,19,Southampton FC,€22.00m,joueurs_images\Tyler_Dibling.jpg
Luiz Henrique,Luiz Henrique,Brazil,24,Zenit St. Petersburg,€22.00m,joueurs_images\Luiz_Henrique.jpg
Mohamed Amoura,Mohamed Amoura,Algeria,24,VfL Wolfsburg,€22.00m,joueurs_images\Mohamed_Amoura.jpg
Omari Hutchinson,Omari Hutchinson,"England, Jamaica",21,Ipswich Town,€22.00m,joueurs_images\Omari_Hutchinson.jpg
Matías Soulé,Matías Soulé,"Argentina, Italy",21,AS Roma,€22.00m,joueurs_images\Matías_Soulé.jpg
Julio Enciso,Julio Enciso,Paraguay,21,Ipswich Town,€22.00m,joueurs_images\Julio_Enciso.jpg
Jarell Quansah,Jarell Quansah,"England, Scotland",22,Liverpool FC,€22.00m,joueurs_images\Jarell_Quansah.jpg
Aaron Hickey,Aaron Hickey,Scotland,22,Brentford FC,€22.00m,joueurs_images\Aaron_Hickey.jpg
Aitor Paredes,Aitor Paredes,Spain,24,Athletic Bilbao,€22.00m,joueurs_images\Aitor_Paredes.jpg
Carlos Augusto,Carlos Augusto,"Brazil, Italy",26,Inter Milan,€22.00m,joueurs_images\Carlos_Augusto.jpg
Fábio Vieira,Fábio Vieira,Portugal,24,FC Porto,€22.00m,joueurs_images\Fábio_Vieira.jpg
Amine Adli,Amine Adli,"Morocco, France",24,Bayer 04 Leverkusen,€22.00m,joueurs_images\Amine_Adli.jpg
Yunus Musah,Yunus Musah,"United States, England",22,AC Milan,€22.00m,joueurs_images\Yunus_Musah.jpg
Aaron Wan-Bissaka,Aaron Wan-Bissaka,"England, DR Congo",27,West Ham United,€22.00m,joueurs_images\Aaron_Wan-Bissaka.jpg
Crysencio Summerville,Crysencio Summerville,"Netherlands, Suriname",23,West Ham United,€22.00m,joueurs_images\Crysencio_Summerville.jpg
Kevin Schade,Kevin Schade,"Germany, Nigeria",23,Brentford FC,€22.00m,joueurs_images\Kevin_Schade.jpg
Rodrigo Riquelme,Rodrigo Riquelme,Spain,24,Atlético de Madrid,€22.00m,joueurs_images\Rodrigo_Riquelme.jpg
Sam Beukema,Sam Beukema,Netherlands,26,Bologna FC 1909,€22.00m,joueurs_images\Sam_Beukema.jpg
Youssef En-Nesyri,Youssef En-Nesyri,Morocco,27,Fenerbahce,€22.00m,joueurs_images\Youssef_En-Nesyri.jpg
Lewis Ferguson,Lewis Ferguson,Scotland,25,Bologna FC 1909,€22.00m,joueurs_images\Lewis_Ferguson.jpg
Matt O'Riley,Matt O'Riley,"Denmark, England",24,Brighton & Hove Albion,€22.00m,joueurs_images\Matt_O'Riley.jpg
Dodô,Dodô,Brazil,26,ACF Fiorentina,€22.00m,joueurs_images\Dodô.jpg
Igor,Igor,Brazil,27,Brighton & Hove Albion,€22.00m,joueurs_images\Igor.jpg
Sergiño Dest,Sergiño Dest,"United States, Netherlands",24,PSV Eindhoven,€22.00m,joueurs_images\Sergiño_Dest.jpg
Ritsu Doan,Ritsu Doan,Japan,26,SC Freiburg,€22.00m,joueurs_images\Ritsu_Doan.jpg
Raoul Bellanova,Raoul Bellanova,Italy,24,Atalanta BC,€22.00m,joueurs_images\Raoul_Bellanova.jpg
Igor Zubeldia,Igor Zubeldia,Spain,27,Real Sociedad,€22.00m,joueurs_images\Igor_Zubeldia.jpg
Federico Chiesa,Federico Chiesa,Italy,27,Liverpool FC,€22.00m,joueurs_images\Federico_Chiesa.jpg
Caoimhín Kelleher,Caoimhín Kelleher,Ireland,26,Liverpool FC,€22.00m,joueurs_images\Caoimhín_Kelleher.jpg
Justin Kluivert,Justin Kluivert,"Netherlands, Suriname",25,AFC Bournemouth,€22.00m,joueurs_images\Justin_Kluivert.jpg
Matvey Safonov,Matvey Safonov,Russia,25,Paris Saint-Germain,€22.00m,joueurs_images\Matvey_Safonov.jpg
Dominic Calvert-Lewin,Dominic Calvert-Lewin,England,27,Everton FC,€22.00m,joueurs_images\Dominic_Calvert-Lewin.jpg
Fikayo Tomori,Fikayo Tomori,"England, Canada",27,AC Milan,€22.00m,joueurs_images\Fikayo_Tomori.jpg
Taiwo Awoniyi,Taiwo Awoniyi,Nigeria,27,Nottingham Forest,€22.00m,joueurs_images\Taiwo_Awoniyi.jpg
Hee-chan Hwang,Hee-chan Hwang,"Korea, South",29,Wolverhampton Wanderers,€22.00m,joueurs_images\Hee-chan_Hwang.jpg
Sofyan Amrabat,Sofyan Amrabat,"Morocco, Netherlands",28,Fenerbahce,€22.00m,joueurs_images\Sofyan_Amrabat.jpg
Vitaly Janelt,Vitaly Janelt,Germany,26,Brentford FC,€22.00m,joueurs_images\Vitaly_Janelt.jpg
Viktor Tsygankov,Viktor Tsygankov,Ukraine,27,Girona FC,€22.00m,joueurs_images\Viktor_Tsygankov.jpg
Patrik Schick,Patrik Schick,Czech Republic,29,Bayer 04 Leverkusen,€22.00m,joueurs_images\Patrik_Schick.jpg
Leon Goretzka,Leon Goretzka,Germany,30,Bayern Munich,€22.00m,joueurs_images\Leon_Goretzka.jpg
Raheem Sterling,Raheem Sterling,"England, Jamaica",30,Arsenal FC,€22.00m,joueurs_images\Raheem_Sterling.jpg
Antoine Griezmann,Antoine Griezmann,France,33,Atlético de Madrid,€22.00m,joueurs_images\Antoine_Griezmann.jpg
Nico Paz,Nico Paz,"Argentina, Spain",20,Como 1907,€20.00m,joueurs_images\Nico_Paz.jpg
Vitor Roque,Vitor Roque,Brazil,19,Real Betis Balompié,€20.00m,joueurs_images\Vitor_Roque.jpg
Patrick Dorgu,Patrick Dorgu,"Denmark, Nigeria",20,Manchester United,€20.00m,joueurs_images\Patrick_Dorgu.jpg
Jeanuël Belocian,Jeanuël Belocian,"France, Guadeloupe",20,Bayer 04 Leverkusen,€20.00m,joueurs_images\Jeanuël_Belocian.jpg
Lamine Camara,Lamine Camara,Senegal,21,AS Monaco,€20.00m,joueurs_images\Lamine_Camara.jpg
Habib Diarra,Habib Diarra,"Senegal, France",21,RC Strasbourg Alsace,€20.00m,joueurs_images\Habib_Diarra.jpg
Alex Scott,Alex Scott,"England, Guernsey",21,AFC Bournemouth,€20.00m,joueurs_images\Alex_Scott.jpg
Javi Guerra,Javi Guerra,Spain,21,Valencia CF,€20.00m,joueurs_images\Javi_Guerra.jpg
Ange-Yoan Bonny,Ange-Yoan Bonny,"France, Cote d'Ivoire",21,Parma Calcio 1913,€20.00m,joueurs_images\Ange-Yoan_Bonny.jpg
Dango Ouattara,Dango Ouattara,Burkina Faso,23,AFC Bournemouth,€20.00m,joueurs_images\Dango_Ouattara.jpg
Vanderson,Vanderson,Brazil,23,AS Monaco,€20.00m,joueurs_images\Vanderson.jpg
Rodrigo Muniz,Rodrigo Muniz,Brazil,23,Fulham FC,€20.00m,joueurs_images\Rodrigo_Muniz.jpg
Jacob Greaves,Jacob Greaves,England,24,Ipswich Town,€20.00m,joueurs_images\Jacob_Greaves.jpg
Johnny Cardoso,Johnny Cardoso,"United States, Italy",23,Real Betis Balompié,€20.00m,joueurs_images\Johnny_Cardoso.jpg
Marcos Leonardo,Marcos Leonardo,Brazil,21,Al-Hilal SFC,€20.00m,joueurs_images\Marcos_Leonardo.jpg
Orri Óskarsson,Orri Óskarsson,Iceland,20,Real Sociedad,€20.00m,joueurs_images\Orri_Óskarsson.jpg
El Bilal Touré,El Bilal Touré,"Mali, Cote d'Ivoire",23,VfB Stuttgart,€20.00m,joueurs_images\El_Bilal_Touré.jpg
Keane Lewis-Potter,Keane Lewis-Potter,England,24,Brentford FC,€20.00m,joueurs_images\Keane_Lewis-Potter.jpg
Beñat Prados,Beñat Prados,Spain,24,Athletic Bilbao,€20.00m,joueurs_images\Beñat_Prados.jpg
Conor Bradley,Conor Bradley,Northern Ireland,21,Liverpool FC,€20.00m,joueurs_images\Conor_Bradley.jpg
Matteo Ruggeri,Matteo Ruggeri,Italy,22,Atalanta BC,€20.00m,joueurs_images\Matteo_Ruggeri.jpg
Ander Barrenetxea,Ander Barrenetxea,Spain,23,Real Sociedad,€20.00m,joueurs_images\Ander_Barrenetxea.jpg
Toti,Toti,"Portugal, Guinea-Bissau",26,Wolverhampton Wanderers,€20.00m,joueurs_images\Toti.jpg
